{
    "lr": 2.6746452401743096e-06,
    "kl_lambda": 0.05479750538292066,
    "epsilon": 0.15267709246777353,
    "num_grpo": 2,
    "temperature": 0.6057015163167665
}